{"West Virginia": 36.800000000000004, "Mississippi": 36.50694444444444, "Louisiana": 36.26619718309859, "Arkansas": 35.42567567567567, "Alabama": 35.122666666666674}