{"Colorado": 6.273443678160916, "Oregon": 4.6839459612659375, "California": 4.569095852073957, "Washington": 4.388721455938697, "Utah": 4.354172844827584, "District of Columbia": 4.041896059113299, "Alaska": 3.838547844827584, "Vermont": 3.826875050709937, "Hawaii": 3.803187267904505, "Montana": 3.307233632498818, "New Hampshire": 3.2307770114942507, "Minnesota": 2.9022315569487986, "Wisconsin": 2.7265968313140725, "Idaho": 2.6591579638752023, "South Dakota": 2.184266188983429, "Maine": 1.7043960591132965, "New Mexico": 1.517383072100312, "Virginia": 1.2480468527640909, "Illinois": 1.1072532019704369, "Connecticut": 0.9968671015843427, "Massachusetts": 0.8265968313140704, "Nebraska": 0.7958065473592271, "Maryland": 0.5684685537828074, "Wyoming": 0.5433890333521774, "Arizona": 0.4992012539184927, "Michigan": 0.49833819292885195, "Pennsylvania": 0.4968267627380314, "North Carolina": 0.3909039956212368, "Nevada": 0.15907586206895985, "Kansas": -0.30488965517240985, "Florida": -0.35714992914501664, "Iowa": -0.5809422867513625, "Rhode Island": -0.6029931034482807, "Virgin Islands": -0.6148896551724192, "National": -0.6261396551724197, "New York": -1.1598896551724138, "Georgia": -1.5148896551724107, "South Carolina": -1.550679128856622, "North Dakota": -2.161502558398219, "Texas": -2.2516929338609444, "Guam": -2.49477337610265, "Delaware": -2.5429665782493416, "Indiana": -2.595603940886704, "West Virginia": -2.759889655172419, "Tennessee": -2.7721703569268, "Oklahoma": -3.0807229885057446, "Ohio": -3.1460007662835316, "Missouri": -3.3897404014410704, "New Jersey": -3.7413182266009777, "Louisiana": -3.904484249767009, "Alabama": -4.252389655172411, "Mississippi": -4.489467119961141, "Arkansas": -4.961584570426648, "Kentucky": -5.3880586692569175, "Puerto Rico": -14.987389655172414}